﻿[{"skill":"Critical Thinking","status":"current","xVal":4,"value":94},
{"skill":"Critical Thinking","status":"previous","xVal":4,"value":90},
{"skill":"Critical Thinking","status":"never","xVal":4,"value":87},
{"skill":"Critical Thinking","status":"overall","xVal":4,"value":90},
{"skill":"Broad Knowledge","status":"current","xVal":5,"value":97},
{"skill":"Broad Knowledge","status":"previous","xVal":5,"value":95},
{"skill":"Broad Knowledge","status":"never","xVal":5,"value":92},
{"skill":"Broad Knowledge","status":"overall","xVal":5,"value":94},
{"skill":"Improving with Feedback","status":"current","xVal":6,"value":99},
{"skill":"Improving with Feedback","status":"previous","xVal":6,"value":100},
{"skill":"Improving with Feedback","status":"never","xVal":6,"value":98},
{"skill":"Improving with Feedback","status":"overall","xVal":6,"value":99},
{"skill":"Creativity","status":"current","xVal":7,"value":99},
{"skill":"Creativity","status":"previous","xVal":7,"value":98},
{"skill":"Creativity","status":"never","xVal":7,"value":96},
{"skill":"Creativity","status":"overall","xVal":7,"value":98},
{"skill":"Research","status":"current","xVal":8,"value":94},
{"skill":"Research","status":"previous","xVal":8,"value":90},
{"skill":"Research","status":"never","xVal":8,"value":87},
{"skill":"Research","status":"overall","xVal":8,"value":90},
{"skill":"Writing","status":"current","xVal":9,"value":93},
{"skill":"Writing","status":"previous","xVal":9,"value":91},
{"skill":"Writing","status":"never","xVal":9,"value":95},
{"skill":"Writing","status":"overall","xVal":9,"value":94},
{"skill":"Speaking","status":"current","xVal":10,"value":93},
{"skill":"Speaking","status":"previous","xVal":10,"value":94},
{"skill":"Speaking","status":"never","xVal":10,"value":96},
{"skill":"Speaking","status":"overall","xVal":10,"value":95},
{"skill":"Project Management","status":"current","xVal":11,"value":94},
{"skill":"Project Management","status":"previous","xVal":11,"value":91},
{"skill":"Project Management","status":"never","xVal":11,"value":91},
{"skill":"Project Management","status":"overall","xVal":11,"value":92},
{"skill":"Technology","status":"current","xVal":12,"value":91},
{"skill":"Technology","status":"previous","xVal":12,"value":94},
{"skill":"Technology","status":"never","xVal":12,"value":84},
{"skill":"Technology","status":"overall","xVal":12,"value":89},
{"skill":"Artistic","status":"current","xVal":13,"value":91},
{"skill":"Artistic","status":"previous","xVal":13,"value":61},
{"skill":"Artistic","status":"never","xVal":13,"value":38},
{"skill":"Artistic","status":"overall","xVal":13,"value":60},
{"skill":"Business ","status":"current","xVal":16,"value":86},
{"skill":"Business ","status":"previous","xVal":16,"value":76},
{"skill":"Business ","status":"never","xVal":16,"value":68},
{"skill":"Business ","status":"overall","xVal":16,"value":75},
{"skill":"Entrepreneurial skills","status":"current","xVal":14,"value":71},
{"skill":"Entrepreneurial skills","status":"previous","xVal":14,"value":60},
{"skill":"Entrepreneurial skills","status":"never","xVal":14,"value":50},
{"skill":"Entrepreneurial skills","status":"overall","xVal":14,"value":59},
{"skill":"Teamwork","status":"current","xVal":1,"value":99},
{"skill":"Teamwork","status":"previous","xVal":1,"value":98},
{"skill":"Teamwork","status":"never","xVal":1,"value":98},
{"skill":"Teamwork","status":"overall","xVal":1,"value":99},
{"skill":"Leadership","status":"current","xVal":3,"value":95},
{"skill":"Leadership","status":"previous","xVal":3,"value":94},
{"skill":"Leadership","status":"never","xVal":3,"value":91},
{"skill":"Leadership","status":"overall","xVal":3,"value":93},
{"skill":"Networking","status":"current","xVal":2,"value":97},
{"skill":"Networking","status":"previous","xVal":2,"value":94},
{"skill":"Networking","status":"never","xVal":2,"value":94},
{"skill":"Networking","status":"overall","xVal":2,"value":95},
{"skill":"Teaching","status":"current","xVal":15,"value":76},
{"skill":"Teaching","status":"previous","xVal":15,"value":79},
{"skill":"Teaching","status":"never","xVal":15,"value":76},
{"skill":"Teaching","status":"overall","xVal":15,"value":76}]