[
    {
        "degreeShort": "Cert",
        "degreeLong": "CERTIFICATE",
        "medIncome": 50000,
        "medLoan": 0,
        "xVal": 1,
        "incomeVal": 4,
        "debtVal": 0,
        "noImpact": 24,
        "someImpact": 10,
        "majorImpact": 12,
        "noDebt": 55
    },
    {
        "degreeShort": "BA",
        "degreeLong": "BACHELOR OF ARTS",
        "medIncome": 45000,
        "medLoan": 0,
        "xVal": 2,
        "incomeVal": 3,
        "debtVal": 0,
        "noImpact": 18,
        "someImpact": 15,
        "majorImpact": 10,
        "noDebt": 57
    },
    {
        "degreeShort": "BArch",
        "degreeLong": "BACHELOR OF ARCHITECTURE",
        "medIncome": 55000,
        "medLoan": 5000,
        "xVal": 3,
        "incomeVal": 4,
        "debtVal": -2,
        "noImpact": 18,
        "someImpact": 36,
        "majorImpact": 18,
        "noDebt": 27
    },
    {
        "degreeShort": "BFA",
        "degreeLong": "BACHELOR OF FINE ARTS",
        "medIncome": 45000,
        "medLoan": 0,
        "xVal": 4,
        "incomeVal": 3,
        "debtVal": 0,
        "noImpact": 22,
        "someImpact": 16,
        "majorImpact": 6,
        "noDebt": 55
    },
    {
        "degreeShort": "BM",
        "degreeLong": "BACHELOR OF MUSIC",
        "medIncome": 35000,
        "medLoan": 5000,
        "xVal": 5,
        "incomeVal": 2,
        "debtVal": -2,
        "noImpact": 25,
        "someImpact": 19,
        "majorImpact": 11,
        "noDebt": 45
    },
    {
        "degreeShort": "BS",
        "degreeLong": "BACHELOR OF SCIENCE",
        "medIncome": 65000,
        "medLoan": 0,
        "xVal": 6,
        "incomeVal": 5,
        "debtVal": 0,
        "noImpact": 20,
        "someImpact": 14,
        "majorImpact": 4,
        "noDebt": 63
    },
    {
        "degreeShort": "UG",
        "degreeLong": "OTHER UNDERGRADUATE DEGREE",
        "medIncome": 45000,
        "medLoan": 0,
        "xVal": 7,
        "incomeVal": 3,
        "debtVal": 0,
        "noImpact": 20,
        "someImpact": 20,
        "majorImpact": 11,
        "noDebt": 50
    },
    {
        "degreeShort": "AD",
        "degreeLong": "ARTIST DIPLOMA",
        "medIncome": 45000,
        "medLoan": 5000,
        "xVal": 8,
        "incomeVal": 3,
        "debtVal": -2,
        "noImpact": 23,
        "someImpact": 15,
        "majorImpact": 23,
        "noDebt": 38
    },
    {
        "degreeShort": "MA",
        "degreeLong": "MASTER OF ARTS",
        "medIncome": 55000,
        "medLoan": 0,
        "xVal": 9,
        "incomeVal": 4,
        "debtVal": 0,
        "noImpact": 25,
        "someImpact": 13,
        "majorImpact": 9,
        "noDebt": 53
    },
    {
        "degreeShort": "MArch",
        "degreeLong": "MASTER OF ARCHITECTURE",
        "medIncome": 55000,
        "medLoan": 5000,
        "xVal": 10,
        "incomeVal": 4,
        "debtVal": -2,
        "noImpact": 29,
        "someImpact": 18,
        "majorImpact": 16,
        "noDebt": 38
    },
    {
        "degreeShort": "MFA",
        "degreeLong": "MASTER OF FINE ARTS",
        "medIncome": 45000,
        "medLoan": 5000,
        "xVal": 11,
        "incomeVal": 3,
        "debtVal": -2,
        "noImpact": 23,
        "someImpact": 20,
        "majorImpact": 18,
        "noDebt": 39
    },
    {
        "degreeShort": "MM",
        "degreeLong": "MASTER OF MUSIC",
        "medIncome": 45000,
        "medLoan": 2500,
        "xVal": 12,
        "incomeVal": 3,
        "debtVal": -1,
        "noImpact": 19,
        "someImpact": 13,
        "majorImpact": 19,
        "noDebt": 50
    },
    {
        "degreeShort": "DMA",
        "degreeLong": "DOCTOR OF MUSICAL ARTS",
        "medIncome": 70000,
        "medLoan": 15000,
        "xVal": 13,
        "incomeVal": 6,
        "debtVal": -5,
        "noImpact": 16,
        "someImpact": 16,
        "majorImpact": 21,
        "noDebt": 47
    },
    {
        "degreeShort": "PhD",
        "degreeLong": "DOCTOR OF PHILOSOPHY",
        "medIncome": 55000,
        "medLoan": 0,
        "xVal": 14,
        "incomeVal": 4,
        "debtVal": 0,
        "noImpact": 22,
        "someImpact": 13,
        "majorImpact": 12,
        "noDebt": 54
    },
    {
        "degreeShort": "GR",
        "degreeLong": "OTHER GRADUATE DEGREE",
        "medIncome": 55000,
        "medLoan": 0,
        "xVal": 15,
        "incomeVal": 4,
        "debtVal": 0,
        "noImpact": 20,
        "someImpact": 17,
        "majorImpact": 8,
        "noDebt": 55
    }
]